Date,Alert_Name,Severity
2026-05-14 21:50:24,UDP Flooding,Medium
2026-05-14 21:50:24,UDP Flooding,Medium
2026-05-14 21:50:24,High Traffic Volume Burst,Medium
2026-05-14 21:50:24,UDP Flooding,Medium
2026-05-14 21:50:24,High Traffic Volume Burst,Medium
2026-05-14 21:50:24,UDP Flooding,Medium
2026-05-14 21:50:24,UDP Flooding,Medium
2026-05-14 21:50:24,High Traffic Volume Burst,Medium
2026-05-14 21:50:24,UDP Flooding,Medium
2026-05-14 21:50:24,High Traffic Volume Burst,Medium
2026-05-14 21:50:24,UDP Flooding,Medium
2026-05-14 21:50:24,UDP Flooding,Medium
2026-05-14 21:50:24,UDP Flooding,Medium
2026-05-14 21:50:24,UDP Flooding,Medium
2026-05-14 21:50:24,High Traffic Volume Burst,Medium
2026-05-14 21:50:24,UDP Flooding,Medium
2026-05-14 21:50:24,UDP Flooding,Medium
2026-05-14 21:50:24,High Traffic Volume Burst,Medium
2026-05-14 21:50:24,UDP Flooding,Medium
2026-05-14 21:50:24,High Traffic Volume Burst,Medium
2026-05-14 21:50:24,UDP Flooding,Medium
2026-05-14 21:50:24,High Traffic Volume Burst,Medium
2026-05-14 21:50:24,UDP Flooding,Medium
2026-05-14 21:50:24,High Traffic Volume Burst,Medium
2026-05-14 21:50:24,UDP Flooding,Medium
2026-05-14 21:50:24,High Traffic Volume Burst,Medium
2026-05-14 21:50:24,UDP Flooding,Medium
2026-05-14 21:50:24,UDP Flooding,Medium
2026-05-14 21:50:24,High Traffic Volume Burst,Medium
2026-05-14 21:50:24,UDP Flooding,Medium
2026-05-14 21:50:24,High Traffic Volume Burst,Medium
2026-05-14 21:50:24,UDP Flooding,Medium
2026-05-14 21:50:24,UDP Flooding,Medium
2026-05-14 21:50:24,UDP Flooding,Medium
2026-05-14 21:50:24,UDP Flooding,Medium
2026-05-14 21:50:24,High Traffic Volume Burst,Medium
2026-05-14 21:50:24,UDP Flooding,Medium
2026-05-14 21:50:24,UDP Flooding,Medium
2026-05-14 21:50:24,UDP Flooding,Medium
2026-05-14 21:50:24,High Traffic Volume Burst,Medium
2026-05-14 21:50:24,UDP Flooding,Medium
2026-05-14 21:50:24,High Traffic Volume Burst,Medium
2026-05-14 21:50:24,UDP Flooding,Medium
2026-05-14 21:50:24,High Traffic Volume Burst,Medium
2026-05-14 21:50:24,UDP Flooding,Medium
2026-05-14 21:50:24,High Traffic Volume Burst,Medium
2026-05-14 21:50:24,UDP Flooding,Medium
2026-05-14 21:50:24,High Traffic Volume Burst,Medium
2026-05-14 21:50:24,UDP Flooding,Medium
2026-05-14 21:50:24,High Traffic Volume Burst,Medium
2026-05-14 21:50:24,UDP Flooding,Medium
2026-05-14 21:50:24,High Traffic Volume Burst,Medium
2026-05-14 21:50:24,UDP Flooding,Medium
2026-05-14 21:50:24,High Traffic Volume Burst,Medium
2026-05-14 21:50:24,UDP Flooding,Medium
2026-05-14 21:50:24,High Traffic Volume Burst,Medium
2026-05-14 21:50:24,UDP Flooding,Medium
2026-05-14 21:50:24,High Traffic Volume Burst,Medium
2026-05-14 21:50:24,UDP Flooding,Medium
2026-05-14 21:50:24,High Traffic Volume Burst,Medium
2026-05-14 21:50:24,UDP Flooding,Medium
2026-05-14 21:50:24,UDP Flooding,Medium
2026-05-14 21:50:24,UDP Flooding,Medium
2026-05-14 21:50:24,UDP Flooding,Medium
2026-05-14 21:50:24,UDP Flooding,Medium
2026-05-14 21:50:24,UDP Flooding,Medium
2026-05-14 21:50:24,High Traffic Volume Burst,Medium
2026-05-14 21:50:24,UDP Flooding,Medium
2026-05-14 21:50:24,UDP Flooding,Medium
2026-05-14 21:50:24,UDP Flooding,Medium
2026-05-14 21:50:24,UDP Flooding,Medium
2026-05-14 21:50:24,High Traffic Volume Burst,Medium
2026-05-14 21:50:24,UDP Flooding,Medium
2026-05-14 21:50:24,UDP Flooding,Medium
2026-05-14 21:50:24,High Traffic Volume Burst,Medium
2026-05-14 21:50:24,UDP Flooding,Medium
2026-05-14 21:50:24,High Traffic Volume Burst,Medium
2026-05-14 21:50:24,UDP Flooding,Medium
2026-05-14 21:50:24,High Traffic Volume Burst,Medium
2026-05-14 21:50:24,UDP Flooding,Medium
2026-05-14 21:50:24,UDP Flooding,Medium
2026-05-14 21:50:24,UDP Flooding,Medium
2026-05-14 21:50:24,UDP Flooding,Medium
2026-05-14 21:50:24,UDP Flooding,Medium
2026-05-14 21:50:24,UDP Flooding,Medium
2026-05-14 21:50:24,UDP Flooding,Medium
2026-05-14 21:50:24,UDP Flooding,Medium
2026-05-14 21:50:24,High Traffic Volume Burst,Medium
2026-05-14 21:50:24,UDP Flooding,Medium
2026-05-14 21:50:24,Network Sweep/Discovery,Medium
2026-05-14 21:50:24,High Traffic Volume Burst,Medium
2026-05-14 21:50:24,UDP Flooding,Medium
2026-05-14 21:50:24,High Traffic Volume Burst,Medium
2026-05-14 21:50:24,UDP Flooding,Medium
2026-05-14 21:50:24,UDP Flooding,Medium
2026-05-14 21:50:24,UDP Flooding,Medium
2026-05-14 21:50:24,Network Sweep/Discovery,Medium
2026-05-14 21:50:24,Potential Port Scan,High
2026-05-14 21:50:24,UDP Flooding,Medium
2026-05-14 21:50:24,Network Sweep/Discovery,Medium
2026-05-14 21:50:24,High Traffic Volume Burst,Medium
2026-05-14 21:50:24,Potential Port Scan,High
2026-05-14 21:50:24,UDP Flooding,Medium
2026-05-14 21:50:24,Network Sweep/Discovery,Medium
2026-05-14 21:50:24,High Traffic Volume Burst,Medium
2026-05-14 21:50:24,UDP Flooding,Medium
2026-05-14 21:50:24,High Traffic Volume Burst,Medium
2026-05-14 21:50:24,Potential Port Scan,High
2026-05-14 21:50:24,UDP Flooding,Medium
2026-05-14 21:50:24,Network Sweep/Discovery,Medium
2026-05-14 21:50:24,UDP Flooding,Medium
2026-05-14 21:50:24,Network Sweep/Discovery,Medium
2026-05-14 21:50:24,UDP Flooding,Medium
2026-05-14 21:50:24,UDP Flooding,Medium
2026-05-14 21:50:24,UDP Flooding,Medium
2026-05-14 21:50:24,UDP Flooding,Medium
2026-05-14 21:50:24,UDP Flooding,Medium
2026-05-14 21:50:24,UDP Flooding,Medium
2026-05-14 21:50:24,UDP Flooding,Medium
2026-05-14 21:50:24,UDP Flooding,Medium
2026-05-14 21:50:24,UDP Flooding,Medium
2026-05-14 21:50:24,Network Sweep/Discovery,Medium
2026-05-14 21:50:24,UDP Flooding,Medium
2026-05-14 21:50:24,UDP Flooding,Medium
2026-05-14 21:50:24,Potential Port Scan,High
2026-05-14 21:50:24,UDP Flooding,Medium
2026-05-14 21:50:24,Network Sweep/Discovery,Medium
2026-05-14 21:50:24,UDP Flooding,Medium
2026-05-14 21:50:24,UDP Flooding,Medium
2026-05-14 21:50:24,Potential Port Scan,High
2026-05-14 21:50:24,UDP Flooding,Medium
2026-05-14 21:50:24,Network Sweep/Discovery,Medium
2026-05-14 21:50:24,UDP Flooding,Medium
2026-05-14 21:50:24,UDP Flooding,Medium
2026-05-14 21:50:24,UDP Flooding,Medium
2026-05-14 21:50:24,UDP Flooding,Medium
2026-05-14 21:50:24,UDP Flooding,Medium
2026-05-14 21:50:24,UDP Flooding,Medium
2026-05-14 21:50:24,UDP Flooding,Medium
2026-05-14 21:50:24,UDP Flooding,Medium
2026-05-14 21:50:24,UDP Flooding,Medium
2026-05-14 21:50:24,UDP Flooding,Medium
2026-05-14 21:50:24,UDP Flooding,Medium
2026-05-14 21:50:24,Network Sweep/Discovery,Medium
2026-05-14 21:50:24,UDP Flooding,Medium
2026-05-14 21:50:24,UDP Flooding,Medium
2026-05-14 21:50:24,UDP Flooding,Medium
2026-05-14 21:50:24,UDP Flooding,Medium
2026-05-14 21:50:24,UDP Flooding,Medium
2026-05-14 21:50:24,UDP Flooding,Medium
2026-05-14 21:50:24,UDP Flooding,Medium
2026-05-14 21:50:24,Potential Port Scan,High
2026-05-14 21:50:24,Network Sweep/Discovery,Medium
2026-05-14 21:50:24,UDP Flooding,Medium
2026-05-14 21:50:24,UDP Flooding,Medium
2026-05-14 21:50:24,UDP Flooding,Medium
2026-05-14 21:50:24,UDP Flooding,Medium
2026-05-14 21:50:24,UDP Flooding,Medium
2026-05-14 21:50:24,High Traffic Volume Burst,Medium
2026-05-14 21:50:24,UDP Flooding,Medium
2026-05-14 21:50:24,High Traffic Volume Burst,Medium
2026-05-14 21:50:24,UDP Flooding,Medium
2026-05-14 21:50:24,Network Sweep/Discovery,Medium
2026-05-14 21:50:24,High Traffic Volume Burst,Medium
2026-05-14 21:50:24,UDP Flooding,Medium
2026-05-14 21:50:24,Network Sweep/Discovery,Medium
2026-05-14 21:50:24,Potential Port Scan,High
2026-05-14 21:50:25,UDP Flooding,Medium
2026-05-14 21:50:25,Network Sweep/Discovery,Medium
2026-05-14 21:50:25,High Traffic Volume Burst,Medium
2026-05-14 21:50:25,Potential Port Scan,High
2026-05-14 21:50:25,UDP Flooding,Medium
2026-05-14 21:50:25,Network Sweep/Discovery,Medium
2026-05-14 21:50:25,UDP Flooding,Medium
2026-05-14 21:50:25,UDP Flooding,Medium
2026-05-14 21:50:25,Potential Port Scan,High
2026-05-14 21:50:25,UDP Flooding,Medium
2026-05-14 21:50:25,Network Sweep/Discovery,Medium
2026-05-14 21:50:25,UDP Flooding,Medium
2026-05-14 21:50:25,UDP Flooding,Medium
2026-05-14 21:50:25,UDP Flooding,Medium
2026-05-14 21:50:25,UDP Flooding,Medium
2026-05-14 21:50:25,UDP Flooding,Medium
2026-05-14 21:50:25,Network Sweep/Discovery,Medium
2026-05-14 21:50:25,UDP Flooding,Medium
2026-05-14 21:50:25,Network Sweep/Discovery,Medium
2026-05-14 21:50:25,High Traffic Volume Burst,Medium
2026-05-14 21:50:25,UDP Flooding,Medium
2026-05-14 21:50:25,High Traffic Volume Burst,Medium
2026-05-14 21:50:25,Potential Port Scan,High
2026-05-14 21:50:25,UDP Flooding,Medium
2026-05-14 21:50:25,Network Sweep/Discovery,Medium
2026-05-14 21:50:25,High Traffic Volume Burst,Medium
2026-05-14 21:50:25,UDP Flooding,Medium
2026-05-14 21:50:25,UDP Flooding,Medium
2026-05-14 21:50:25,High Traffic Volume Burst,Medium
2026-05-14 21:50:25,Potential Port Scan,High
2026-05-14 21:50:25,UDP Flooding,Medium
2026-05-14 21:50:25,High Traffic Volume Burst,Medium
2026-05-14 21:50:25,UDP Flooding,Medium
2026-05-14 21:50:25,UDP Flooding,Medium
2026-05-14 21:50:25,Network Sweep/Discovery,Medium
2026-05-14 21:50:25,UDP Flooding,Medium
2026-05-14 21:50:25,High Traffic Volume Burst,Medium
2026-05-14 21:50:25,UDP Flooding,Medium
2026-05-14 21:50:25,High Traffic Volume Burst,Medium
2026-05-14 21:50:25,UDP Flooding,Medium
2026-05-14 21:50:25,High Traffic Volume Burst,Medium
2026-05-14 21:50:25,UDP Flooding,Medium
